create schema keepcoding;

-- Create tables
create table keepcoding.vehicles(
	vehicle_id varchar(10) not null,
	purchase_date date not null,
	deregistration_date date not null default '4000-01-01',
	model_id varchar(20) not null, --FK
	color varchar(50) not null,
	number_plate varchar(30) not null unique,
	kilometers numeric(8,2) not null check(kilometers >= 0),
	insurance_policy_number varchar(10) not null,
	insurance_company_id varchar(10) not null, --FK
	constraint vehicles_pk primary key(vehicle_id)
);

create table keepcoding.models(
	model_id varchar(20) not null,
	model_name varchar(50) not null,
	make_id varchar(10) not null, --FK
	constraint models_pk primary key(model_id)
);

create table keepcoding.makes(	
	make_id varchar(10) not null,
	make_name varchar(100) not null,
	group_id varchar(10) not null, --FK
	constraint makes_pk primary key(make_id)
);

create table keepcoding.groups(
	group_id varchar(10) not null,
	group_name varchar(100) not null,
	constraint groups_pk primary key(group_id)
);

create table keepcoding.insurance_companies(
	insurance_company_id varchar(10) not null,
	insurance_company_name varchar(100) not null,
	constraint insurance_companies_pk primary key(insurance_company_id)
);

create table keepcoding.checkups(
	checkup_id varchar(20) not null,
	vehicle_id varchar(10) not null, --FK
	checkup_date date not null,
	kilometers numeric(8,2) not null check(kilometers >= 0),
	checkup_cost numeric(7,2) not null,
	currency_id varchar(10) not null, --FK
	constraint checkups_pk primary key(checkup_id)
);
	
create table keepcoding.currencies(
	currency_id varchar(10) not null,
	currency_name varchar(50) not null,
	currency_code varchar(10) not null,
	constraint curencies_pk primary key(currency_id)
);

-- Add foreign keys
alter table keepcoding.vehicles
	add constraint vehicles_models_fk foreign key(model_id) references keepcoding.models(model_id),
	add constraint vehicles_insurance_companiess_fk foreign key(insurance_company_id) references keepcoding.insurance_companies(insurance_company_id);
	
alter table keepcoding.models
	add constraint models_makes_fk foreign key(make_id) references keepcoding.makes(make_id);
	
alter table keepcoding.makes
	add constraint makes_groups_fk foreign key(group_id) references keepcoding.groups(group_id);

alter table keepcoding.checkups
	add constraint checkups_vehicles_fk foreign key(vehicle_id) references keepcoding.vehicles(vehicle_id),
	add constraint checkups_currencies_fk foreign key(currency_id) references keepcoding.currencies(currency_id);
	
-- Insert data
INSERT INTO keepcoding.groups (group_id, group_name) VALUES ('020', 'Toyota Motor Corp.'), ('011', 'BMW Group'), ('018', 'Ford Motor Co.'), ('001', 'General Motors'), ('003', 'Volkswagen Group'), ('012', 'Aston Martin'), ('015', 'Daimler AG'), ('008', 'Ferrari'), ('022', 'Mazda Motor Corp.'), ('005', 'Suzuki Motor Corp.'), ('016', 'Honda Motor Co.'), ('013', 'Tata Motors'), ('014', 'Tesla Inc.'), ('017', 'Stellantis'), ('010', 'Subaru Corp.'), ('024', 'Renault-Nissan-Mitsubishi Alliance'), ('019', 'Zhejiang Geely Holding Group'), ('002', 'Hyundai Motor Group'), ('006', 'Saab AB'), ('004', 'Fisker Inc.'), ('023', 'Rivian Automotive');

INSERT INTO keepcoding.makes (make_id, make_name, group_id) VALUES ('001-007', 'Saturn', '001'), ('001-003', 'Chevrolet', '001'), ('002-003', 'Kia', '002'), ('004-001', 'Fisker', '004'), ('003-004', 'Porsche', '003'), ('011-001', 'BMW', '011'), ('017-003', 'Dodge', '017'), ('003-003', 'Lamborghini', '003'), ('001-005', 'Hummer', '001'), ('018-001', 'Ford', '018'), ('020-001', 'Lexus', '020'), ('008-001', 'Ferrari', '008'), ('002-002', 'Hyundai', '002'), ('019-001', 'Lotus', '019'), ('020-002', 'Scion', '020'), ('001-004', 'GMC', '001'), ('017-007', 'Ram', '017'), ('020-003', 'Toyota', '020'), ('019-003', 'Volvo', '019'), ('001-006', 'Pontiac', '001'), ('013-001', 'Jaguar', '013'), ('014-001', 'Tesla', '014'), ('018-002', 'Lincoln', '018'), ('015-001', 'Mercedes-Benz', '015'), ('002-001', 'Genesis', '002'), ('017-004', 'Fiat', '017'), ('003-002', 'Bentley', '003'), ('015-002', 'Smart', '015'), ('017-005', 'Jeep', '017'), ('016-002', 'Honda', '016'), ('003-006', 'Volkswagen', '003'), ('011-002', 'Mini', '011'), ('017-002', 'Chrysler', '017'), ('006-001', 'Saab', '006'), ('013-002', 'Land Rover', '013'), ('001-002', 'Cadillac', '001'), ('012-001', 'Aston Martin', '012'), ('023-001', 'Rivian', '023'), ('018-003', 'Mercury', '018'), ('024-001', 'Infiniti', '024'), ('010-001', 'Subaru', '010'), ('005-001', 'Suzuki', '005'), ('001-001', 'Buick', '001'), ('024-002', 'Mitsubishi', '024'), ('024-003', 'Nissan', '024'), ('011-003', 'Rolls-Royce', '011'), ('016-001', 'Acura', '016'), ('022-001', 'Mazda', '022');

INSERT INTO keepcoding.models (model_id, model_name, make_id) VALUES ('018-001-ktU8HGFJRE', 'Aerostar Passenger', '018-001'), ('018-002-MVxg1ZJnpV', 'MKT', '018-002'), ('014-001-LkpgAXEtDt', 'Model 3', '014-001'), ('022-001-x5ZbiyeLju', 'Cx-5', '022-001'), ('011-001-jvESdeYlFj', 'M3', '011-001'), ('018-001-Axe7Aqd0Cn', 'Excursion', '018-001'), ('019-001-zdjcclSurQ', 'Evora 400', '019-001'), ('006-001-OnsD5Fc48z', '5-Sep', '006-001'), ('020-001-xlEY8wCnbh', 'LS', '020-001'), ('002-002-AkWg4UMAi8', 'Santa Fe Xl', '002-002'), ('001-004-slu0jZxFRk', 'Savana 2500 Cargo', '001-004'), ('017-005-1lMTlSa4oi', 'Grand Cherokee L', '017-005'), ('017-005-d1MTENo71y', 'Liberty', '017-005'), ('008-001-sYYMFCESUL', '430 Scuderia', '008-001'), ('013-002-yxGu83J442', 'Defender 90', '013-002'), ('005-001-mWj22OLPIp', 'XL7', '005-001'), ('010-001-ogG1bzR8oP', 'Loyale', '010-001'), ('005-001-q1jEsACQIK', 'Swift', '005-001'), ('004-001-dCz12a8VRI', 'Karma', '004-001'), ('011-001-ru2FneC43D', 'Z4', '011-001'), ('020-003-GfJ80ZsIyM', '86', '020-003'), ('010-001-wuKVehbYo3', 'SVX', '010-001'), ('008-001-jebhin0zdr', '612 Scaglietti', '008-001'), ('017-003-4o5Zd6ZVOc', 'D250 Club Cab', '017-003'), ('003-003-QIm0gFW9Ea', 'Gallardo', '003-003'), ('016-002-u1euHeLYiC', 'Del Sol', '016-002'), ('011-001-3OLMCN0NIV', '3 Series', '011-001'), ('022-001-wqPqa2gkbo', '323', '022-001'), ('001-003-CV7BlywQSO', 'Lumina Cargo', '001-003'), ('022-001-R4AyYZ2vL2', 'B-Series Extended Cab', '022-001'), ('019-001-8ecb5KbqM5', 'Evora', '019-001'), ('003-006-0h5ggsDQfK', 'Atlas Cross Sport', '003-006'), ('016-001-MSujtzsWHi', 'Vigor', '016-001'), ('008-001-y5egbhDKTu', 'Portofino', '008-001'), ('006-001-Sxw8NL2Wlx', '9-7X', '006-001'), ('003-002-YAxjpaOiJg', 'Brooklands', '003-002'), ('020-003-f96sDkeN6l', 'Prius Plug-In Hybrid', '020-003'), ('017-004-OQq6hjSpAp', '500C', '017-004'), ('017-007-VAAHWve9yB', '2500 Crew Cab', '017-007'), ('024-003-fER2fxaD6S', '200Sx', '024-003'), ('002-001-DTUgmH3Sda', 'Gv80', '002-001'), ('001-001-t0v4hAHev0', 'Park Avenue', '001-001'), ('017-004-DxG9Sx2oOH', '500C Abarth', '017-004'), ('024-002-YXG1Ap5jbH', 'Mighty Max Regular Cab', '024-002'), ('002-002-l737wlETVx', 'Veloster', '002-002'), ('003-003-68cMmWzSOM', 'Huracan', '003-003'), ('001-004-8wGDLCi96Z', 'Sonoma Club Coupe Cab', '001-004'), ('020-003-1NtSmyHcsA', 'Corolla Im', '020-003'), ('019-003-IP98vgaAfx', '940', '019-003'), ('001-006-7bAAlyXjuv', 'Grand Am', '001-006'), ('011-003-OULCHFzHzk', 'Ghost', '011-003'), ('016-002-Zqk0HStxxT', 'Element', '016-002'), ('013-001-X5XNwF4kjF', 'XF', '013-001'), ('008-001-vxFpS0GF6s', '458 Italia', '008-001'), ('016-001-6vzViMFuFb', 'TLX', '016-001'), ('005-001-38A90iqHP0', 'Samurai', '005-001'), ('002-003-7m9ZgliVGp', 'Niro', '002-003'), ('017-002-UvgHxvUm30', 'New Yorker', '017-002'), ('015-002-pCDsleFZtj', 'Fortwo Electric Drive', '015-002'), ('008-001-sNVnH4N627', 'California', '008-001'), ('015-001-JrkZz1EqWV', '190 E', '015-001'), ('022-001-mpZtaeZjSp', 'MPV', '022-001'), ('006-001-PL1oB7L5LP', '900', '006-001'), ('002-002-8TG0ZCTNtg', 'Entourage', '002-002'), ('005-001-AKZcsikDCc', 'X-90', '005-001'), ('006-001-J6kThCBjTR', '9-2X', '006-001'), ('020-002-FxwRcnBxWJ', 'iM', '020-002'), ('019-003-ne0FR76DYL', 'V90', '019-003'), ('024-001-muQ8Za5Y16', 'M', '024-001'), ('001-005-HHuzG9MjHG', 'H3', '001-005'), ('023-001-hcWX0cXRUf', 'R1S', '023-001'), ('015-001-5nzGTcJACh', 'G-Class', '015-001'), ('018-003-rbPJmfkpJl', 'Monterey', '018-003'), ('011-002-Nd6EdpsYCc', 'Countryman', '011-002'), ('002-002-LpAhlgLFF0', 'Ioniq Electric', '002-002'), ('003-002-LG2kreBDI1', 'Continental', '003-002'), ('010-001-JHAIpMiZPo', 'Legacy', '010-001'), ('008-001-ilKV52tNqK', '599 Gto', '008-001'), ('001-007-l7j43fbg00', 'SKY', '001-007'), ('012-001-2BwAgrCnEA', 'Vanquish', '012-001'), ('017-005-PerE3XvHo5', 'Gladiator', '017-005'), ('003-002-X7phv2Z4hJ', 'Arnage', '003-002'), ('018-002-Y8wPTrLlNp', 'MKX', '018-002'), ('016-001-gxu52QkuEE', 'NSX', '016-001'), ('008-001-n0Z0J1LGaR', 'FF', '008-001'), ('003-006-RxcgstBF1N', 'Tiguan Limited', '003-006'), ('020-003-WnhsWHiSWE', 'Yaris Ia', '020-003'), ('012-001-qGSwlNnxKu', 'Db11', '012-001'), ('013-002-WfshsWRtre', 'Range Rover Velar', '013-002'), ('022-001-cDzO6YceVm', 'Tribute', '022-001'), ('018-002-pYH1mUVJQ4', 'Town Car', '018-002'), ('016-001-vTH5Cy2Ng9', 'Rlx Sport Hybrid', '016-001'), ('020-001-WP6WqmEnbw', 'GX', '020-001'), ('001-007-K3r1UD2GPw', 'S-Series', '001-007'), ('003-004-nuGqPxiBse', '968', '003-004'), ('008-001-JKCl2k3ZYx', '488 Gtb', '008-001'), ('019-003-ppXdXld9nG', 'Xc70', '019-003'), ('008-001-M9Ex5nH5eB', 'Gtc4Lusso', '008-001'), ('016-001-kbw31UyaIH', 'SLX', '016-001'), ('013-001-q0lQutdJ7v', 'XK', '013-001'), ('017-004-P0SBvvCAeb', '500', '017-004'), ('013-001-gkqLZQg0TY', 'I-Pace', '013-001'), ('018-003-JW0jBM5ytd', 'Sable', '018-003'), ('011-002-xJ7ekbxCuC', 'Coupe', '011-002'), ('014-001-Ns0hxDFkhD', 'Model S', '014-001'), ('022-001-JH36QOH9Bp', 'Millenia', '022-001'), ('011-002-hxig5zR8CC', 'Hardtop 2 Door', '011-002'), ('016-002-HcF0nWO4eL', 'Passport', '016-002'), ('024-001-DrXo50q2xk', 'Qx50', '024-001'), ('020-002-W9b2EPmX5x', 'xA', '020-002'), ('020-001-WkEVHEfIko', 'IS', '020-001'), ('010-001-grX7LApMSE', 'Baja', '010-001'), ('019-001-y9FZraFQwG', 'Exige S', '019-001'), ('010-001-TOQZDuGbrv', 'Impreza', '010-001'), ('014-001-M5Zx5PlEMy', 'Model X', '014-001'), ('001-003-CVaOEfUyQw', 'G-Series G10', '001-003'), ('015-001-5LE24mfM5W', '600 Sl', '015-001'), ('010-001-Crw064M2TB', 'Justy', '010-001'), ('013-001-Zz2lt4UJQv', 'XJ', '013-001'), ('010-001-yERRsZ7XvO', 'Ascent', '010-001'), ('015-001-eVnNmsd39b', 'Sprinter 2500 Cargo', '015-001'), ('023-001-HXEiuw8foq', 'R1T', '023-001'), ('001-007-9Q5tgdKmrm', 'Outlook', '001-007'), ('008-001-Fj8GzFy1F4', '488 Spider', '008-001'), ('024-003-LoRpTFs0QN', 'Nv3500 Hd Cargo', '024-003'), ('001-002-8i46DGa93J', 'Escalade Esv', '001-002'), ('010-001-XASJgGgTbA', 'Forester', '010-001'), ('010-001-8S0Up35Xis', 'Xv Crosstrek', '010-001'), ('020-002-g9RX4REchD', 'xB', '020-002'), ('010-001-iK9ITB0DHA', 'Crosstrek', '010-001'), ('020-003-AtWjGAJr3s', 'Supra', '020-003'), ('015-001-0D734Prhwq', 'Clk-Class', '015-001'), ('005-001-Vah4Eay3Qc', 'Equator Crew Cab', '005-001'), ('018-003-8wZML6FNjW', 'Milan', '018-003'), ('018-002-WbFaDiMBL1', 'Corsair', '018-002'), ('006-001-EcDT8f08uX', '9000', '006-001'), ('005-001-D0ghHdWG1V', 'Forenza', '005-001'), ('024-001-oEsus8CxAi', 'Q', '024-001'), ('020-003-GylUBUL6GA', 'Rav4 Hybrid', '020-003');

INSERT INTO keepcoding.insurance_companies (insurance_company_id, insurance_company_name) VALUES ('021', 'Pelayo'), ('025', 'Race'), ('015', 'Lagun Aro'), ('022', 'Plus Ultra'), ('030', 'Verti'), ('018', 'MMT'), ('001', 'Allianz'), ('010', 'Fiatc'), ('009', 'Fenix Directo'), ('016', 'Linea Directa'), ('027', 'Regal'), ('007', 'Catalana Occidente'), ('019', 'Mutua Madrilena'), ('011', 'Generali'), ('020', 'Nuez'), ('028', 'SegurCaixa Adeslas'), ('026', 'Reale'), ('014', 'Ima Iberica'), ('032', 'Zurich'), ('017', 'Mapfre'), ('029', 'Seguros Bilbao'), ('031', 'Xenasegur'), ('023', 'Qualitas Auto'), ('013', 'Grupo Liberty'), ('024', 'RACC'), ('005', 'Balumba'), ('012', 'Genesis'), ('004', 'AXA'), ('006', 'Caser'), ('003', 'Atlantis'), ('008', 'Direct Seguros'), ('002', 'AMA');

INSERT INTO keepcoding.vehicles (vehicle_id, purchase_date, deregistration_date, model_id, color, number_plate, kilometers, insurance_policy_number, insurance_company_id) VALUES ('00001', '2021-10-09', '4000-01-01', '001-006-7bAAlyXjuv', 'Salmon pink', '4812VFH', '15716.209205020921', 'R991-0032', '024'), ('00002', '2020-03-29', '4000-01-01', '010-001-iK9ITB0DHA', 'Metallic Silver', '8703UFQ', '23113.857740585772', 'R926-2881', '025'), ('00003', '2015-02-15', '4000-01-01', '016-001-6vzViMFuFb', 'Metallic Shadow Silver', '8789DOP', '53700.19246861924', 'F257-0256', '009'), ('00004', '2011-02-07', '4000-01-01', '018-003-rbPJmfkpJl', 'Util Black', '9246GHH', '75859.96652719665', 'C447-4413', '007'), ('00005', '2019-03-12', '2022-11-30', '003-004-nuGqPxiBse', 'Metallic Golden Brown', '5674SIL', '25530.769874476988', 'M320-0127', '017'), ('00006', '2015-11-27', '4000-01-01', '015-001-JrkZz1EqWV', 'Worn Black', '9939MHV', '51406.3179916318', 'F920-4223', '009'), ('00007', '2020-01-11', '4000-01-01', '005-001-Vah4Eay3Qc', 'Worn Green', '0703WZZ', '19961.297071129706', 'L015-9878', '016'), ('00008', '2015-03-29', '4000-01-01', '006-001-OnsD5Fc48z', 'Util Red', '9179LGB', '51044.26359832636', 'Q181-6074', '023'), ('00009', '2017-02-07', '4000-01-01', '019-003-ne0FR76DYL', 'Metallic Stone Silver', '1070BEZ', '44858.77405857741', 'Q316-5722', '023'), ('00010', '2013-02-23', '4000-01-01', '004-001-dCz12a8VRI', 'Metallic Anthracite Grey', '2444PLZ', '64650.87447698745', 'M215-9532', '017'), ('00011', '2021-10-26', '4000-01-01', '002-001-DTUgmH3Sda', 'Brushed Aluminium', '6756ODX', '8800.690376569037', 'B883-0791', '005'), ('00012', '2019-06-11', '4000-01-01', '013-001-Zz2lt4UJQv', 'Metallic Dark Silver', '5522UHE', '29552.887029288704', 'V470-2687', '030'), ('00013', '2016-03-24', '4000-01-01', '016-001-gxu52QkuEE', 'Worn straw beige', '6687IVJ', '47960.42259414226', 'M206-8009', '017'), ('00014', '2014-01-28', '4000-01-01', '014-001-M5Zx5PlEMy', 'Metallic Dark Ivory', '7156TPS', '58910.23430962343', 'I233-8894', '014'), ('00015', '2019-08-12', '4000-01-01', '020-003-WnhsWHiSWE', 'Util Silver', '3718OCS', '21634.230125523012', 'G983-3390', '011'), ('00016', '2020-02-14', '4000-01-01', '008-001-ilKV52tNqK', 'Metallic Garnet Red', '7728ADY', '24408.25941422594', 'L316-1168', '016'), ('00017', '2013-10-10', '2014-10-30', '022-001-wqPqa2gkbo', 'Metallic Cabernet Red', '3887FVP', '11909.514644351464', 'M964-3671', '019'), ('00018', '2011-05-10', '4000-01-01', '001-007-9Q5tgdKmrm', 'Util Green', '8118GMR', '74550.21757322176', 'C239-7071', '006'), ('00019', '2012-05-11', '4000-01-01', '001-007-l7j43fbg00', 'hunter green', '8559WGO', '65824.95815899581', 'F257-1873', '009'), ('00020', '2014-02-19', '2016-01-21', '018-001-ktU8HGFJRE', 'Worn Light blue', '6690NRW', '20131.21757322176', 'S625-9359', '029'), ('00021', '2019-06-20', '4000-01-01', '015-001-5LE24mfM5W', 'Matte Dark Purple', '4148JGN', '27952.25941422594', 'R919-9444', '026'), ('00022', '2012-07-28', '4000-01-01', '014-001-M5Zx5PlEMy', 'Metallic Pueblo Beige', '3260RLA', '71903.51882845188', 'V364-8217', '030'), ('00023', '2014-11-27', '4000-01-01', '003-003-68cMmWzSOM', 'Brushed Black steel', '3040MYK', '52153.10460251046', 'R498-3736', '024'), ('00024', '2011-07-20', '4000-01-01', '022-001-R4AyYZ2vL2', 'Metallic Light Brown', '7873FLR', '75384.9330543933', 'B827-3875', '005'), ('00025', '2017-03-24', '4000-01-01', '017-004-DxG9Sx2oOH', 'Metallic Midnight Blue', '3470JOD', '35951.6359832636', 'M714-8030', '017'), ('00026', '2016-05-07', '4000-01-01', '013-001-q0lQutdJ7v', 'Metallic Graphite Black', '4199DIQ', '42764.020920502095', 'S525-8340', '029'), ('00027', '2018-09-23', '4000-01-01', '020-002-W9b2EPmX5x', 'Hot Pink', '3842WHS', '31027.087866108788', 'A852-3709', '003'), ('00028', '2014-11-08', '4000-01-01', '022-001-JH36QOH9Bp', 'Util Black', '4896JMZ', '58679.096234309625', 'D883-2721', '008'), ('00029', '2016-12-06', '4000-01-01', '003-006-0h5ggsDQfK', 'Metallic Formula Red', '4975VWP', '40873.167364016736', 'A854-4646', '001'), ('00030', '2019-04-21', '2021-11-22', '022-001-x5ZbiyeLju', 'Matte Purple', '4642VLJ', '19876.6359832636', 'G138-6552', '013'), ('00031', '2012-05-22', '4000-01-01', '020-003-AtWjGAJr3s', 'Metallic Orange', '9720XPM', '67966.85774058578', 'P264-2719', '022'), ('00032', '2019-03-25', '4000-01-01', '019-001-8ecb5KbqM5', 'Metallic Black', '0374RXD', '28649.326359832638', 'P674-5142', '021'), ('00033', '2015-09-25', '4000-01-01', '006-001-Sxw8NL2Wlx', 'Metallic Sun Bleeched Sand', '8720ZEV', '53299.71129707113', 'D094-4889', '008'), ('00034', '2019-04-25', '4000-01-01', '006-001-EcDT8f08uX', 'Hot Pink', '3344CNS', '31256.49790794979', 'F616-5922', '010'), ('00035', '2013-08-18', '4000-01-01', '008-001-sNVnH4N627', 'Metallic Taxi Yellow', '9285SFM', '66231.26778242679', 'A488-8256', '004'), ('00036', '2020-05-08', '4000-01-01', '003-003-QIm0gFW9Ea', 'hunter green', '6212XQW', '23468.401673640168', 'B839-7336', '005'), ('00037', '2019-06-27', '4000-01-01', '011-002-Nd6EdpsYCc', 'Worn White', '5733YVA', '29449.10460251046', 'A991-9703', '001'), ('00038', '2017-08-19', '4000-01-01', '018-002-Y8wPTrLlNp', 'Util Red', '5495XPO', '37641.648535564855', 'L404-6067', '015'), ('00039', '2010-03-30', '4000-01-01', '014-001-Ns0hxDFkhD', 'Worn Dark Red', '2493LVV', '87246.19665271966', 'L998-2148', '015'), ('00040', '2018-09-22', '4000-01-01', '016-001-6vzViMFuFb', 'Matte Lime Green', '7746JAZ', '31506.824267782427', 'R871-6959', '025'), ('00041', '2012-11-06', '4000-01-01', '011-002-hxig5zR8CC', 'Worn Olive Army Green', '8058PSP', '67868.14225941422', 'M511-5223', '017'), ('00042', '2021-05-30', '4000-01-01', '010-001-XASJgGgTbA', 'Matte Foilage Green', '3023IOV', '16008.414225941422', 'L075-2190', '015'), ('00043', '2018-11-21', '4000-01-01', '008-001-y5egbhDKTu', 'Matte Dark Blue', '5908OYI', '29631.640167364018', 'R624-8787', '024'), ('00044', '2010-02-27', '2011-02-25', '022-001-mpZtaeZjSp', 'Metallic Gasoline Blue Green', '6248BYD', '13966.31380753138', 'A317-9582', '001'), ('00045', '2012-11-09', '4000-01-01', '001-006-7bAAlyXjuv', 'Metallic Blue Silver', '9475RHB', '72389.9330543933', 'G985-2691', '011'), ('00046', '2018-01-01', '2018-01-10', '001-005-HHuzG9MjHG', 'Metallic Surf Blue', '0196FNT', '307.6276150627615', 'P826-6230', '021'), ('00047', '2020-03-29', '4000-01-01', '020-001-WkEVHEfIko', 'Matte Gray', '6142VBC', '22566.857740585772', 'V647-8126', '030'), ('00048', '2021-10-25', '4000-01-01', '004-001-dCz12a8VRI', 'Util Dark Blue', '3802PQA', '11227.426778242678', 'V406-5117', '030'), ('00049', '2013-10-07', '2018-12-16', '010-001-XASJgGgTbA', 'Matte Lime Green', '3225LLY', '38646.21757322176', 'S055-9155', '029'), ('00050', '2011-08-25', '4000-01-01', '017-002-UvgHxvUm30', 'Metallic Dark Green', '5599KCB', '71591.42259414226', 'V642-1311', '030'), ('00051', '2017-08-30', '4000-01-01', '016-002-HcF0nWO4eL', 'Util Medium Brown', '6509VGN', '37229.54811715481', 'F421-5465', '010'), ('00052', '2021-09-09', '2022-11-30', '001-004-slu0jZxFRk', 'Worn Dark Green', '4188MYJ', '9628.171548117156', 'G971-6419', '011'), ('00053', '2012-11-13', '2016-04-18', '022-001-cDzO6YceVm', 'Pure Gold', '8679LFW', '25285.97489539749', 'A329-2437', '004'), ('00054', '2019-05-09', '4000-01-01', '004-001-dCz12a8VRI', 'Util Dark silver', '1559FFK', '25545.18828451883', 'F009-1055', '010'), ('00055', '2017-08-10', '4000-01-01', '003-002-YAxjpaOiJg', 'Metallic Bronze', '3413HIC', '43114.276150627615', 'V762-2801', '030'), ('00056', '2019-08-13', '4000-01-01', '019-001-y9FZraFQwG', 'Worn Silver', '0984FWI', '30120.493723849373', 'R206-3845', '024'), ('00057', '2015-08-27', '4000-01-01', '004-001-dCz12a8VRI', 'Metallic Dark Green', '6345NEI', '47816.0669456067', 'Z305-9717', '032'), ('00058', '2018-08-15', '4000-01-01', '012-001-qGSwlNnxKu', 'Util Maui Blue Poly', '7766CZY', '33120.80753138075', 'R447-3542', '024'), ('00059', '2012-09-11', '4000-01-01', '001-001-t0v4hAHev0', 'Worn Graphite', '2458REP', '72832.38075313807', 'Z526-3070', '032'), ('00060', '2021-04-04', '4000-01-01', '013-001-gkqLZQg0TY', 'Metallic Black Steal', '8697HIP', '20440.65271966527', 'F439-6439', '009'), ('00061', '2011-07-10', '4000-01-01', '017-004-DxG9Sx2oOH', 'Pure White', '2582UEF', '74669.29707112971', 'C347-0355', '007'), ('00062', '2011-02-24', '4000-01-01', '008-001-jebhin0zdr', 'Metallic Beach Sand', '0130ONI', '77850.44769874477', 'X481-5352', '031'), ('00063', '2016-01-14', '4000-01-01', '010-001-ogG1bzR8oP', 'Util Black Poly', '6943OPT', '51637.97071129707', 'A762-7842', '001'), ('00064', '2018-07-04', '4000-01-01', '006-001-J6kThCBjTR', 'Pure White', '5509WZC', '36721.73640167364', 'C390-7191', '007'), ('00065', '2017-05-03', '4000-01-01', '019-001-zdjcclSurQ', 'Metallic Bright Blue', '9404BBP', '35321.17991631799', 'Z499-0161', '032'), ('00066', '2012-06-21', '2019-09-14', '008-001-ilKV52tNqK', 'Metallic Dark Ivory', '0303BTX', '53750.836820083685', 'N983-7622', '020'), ('00067', '2015-08-01', '4000-01-01', '020-003-f96sDkeN6l', 'Metallic Graphite Black', '3708ZUB', '55732.21338912134', 'S447-4333', '029'), ('00068', '2020-05-18', '2022-01-30', '004-001-dCz12a8VRI', 'Metaillic V Dark Blue', '8393ERJ', '11426.041841004184', 'A174-4053', '004'), ('00069', '2019-09-13', '4000-01-01', '003-006-RxcgstBF1N', 'Metallic Diamond Blue', '9640DCA', '25454.66527196653', 'I695-9356', '014'), ('00070', '2020-12-02', '4000-01-01', '004-001-dCz12a8VRI', 'Worn Orange', '1869RWX', '15968.230125523012', 'G799-6422', '013'), ('00071', '2014-11-09', '4000-01-01', '020-003-GfJ80ZsIyM', 'Worn Blue Silver', '4951IVM', '57781.359832635986', 'A971-8227', '001'), ('00072', '2016-08-31', '4000-01-01', '024-001-oEsus8CxAi', 'Util Silver', '6240NWY', '42673.59832635983', 'L022-6895', '015'), ('00073', '2015-09-13', '4000-01-01', '018-003-8wZML6FNjW', 'Metallic Yellow Bird', '8178QIG', '45190.54811715481', 'S625-9053', '029'), ('00074', '2010-11-23', '4000-01-01', '012-001-2BwAgrCnEA', 'Worn Orange', '4295PRW', '80384.9330543933', 'M719-1424', '019'), ('00075', '2022-08-18', '4000-01-01', '005-001-q1jEsACQIK', 'Chrome', '8584HYH', '3058.715481171548', 'P457-0227', '021'), ('00076', '2019-09-28', '4000-01-01', '024-002-YXG1Ap5jbH', 'Matte Midnight Blue', '5095IEZ', '29727.619246861923', 'L597-6449', '015'), ('00077', '2011-05-23', '4000-01-01', '008-001-vxFpS0GF6s', 'Worn Blue', '8268PFC', '81020.64435146443', 'A003-9388', '003'), ('00078', '2016-10-15', '4000-01-01', '010-001-ogG1bzR8oP', 'Matte Purple', '9295EYA', '44660.460251046024', 'C991-8226', '006'), ('00079', '2016-11-29', '4000-01-01', '014-001-Ns0hxDFkhD', 'Metallic Spinnaker Blue', '9478QQE', '47547.32217573222', 'P868-6742', '021'), ('00080', '2010-10-15', '4000-01-01', '010-001-Crw064M2TB', 'Brushed Gold', '4878DNT', '80704.65271966528', 'P874-8557', '022'), ('00081', '2020-06-10', '4000-01-01', '024-003-LoRpTFs0QN', 'Green', '7451IER', '22772.100418410042', 'L729-3209', '016'), ('00082', '2014-05-05', '4000-01-01', '008-001-Fj8GzFy1F4', 'Util Maui Blue Poly', '1169RMQ', '62136.803347280336', 'A318-4873', '004'), ('00083', '2019-01-14', '4000-01-01', '017-004-P0SBvvCAeb', 'Metallic Dark Silver', '9531XAP', '34758.87447698745', 'G696-2581', '011'), ('00084', '2020-08-16', '4000-01-01', '023-001-HXEiuw8foq', 'hunter green', '2885ZQV', '22685.76150627615', 'I855-3658', '014'), ('00085', '2021-04-11', '4000-01-01', '016-002-HcF0nWO4eL', 'Metallic Midnight Silver', '2081GUL', '16563.497907949793', 'G909-2789', '011'), ('00086', '2012-10-11', '4000-01-01', '004-001-dCz12a8VRI', 'Metallic Lime', '0244RCB', '71608.28870292887', 'L205-7542', '015'), ('00087', '2019-09-26', '4000-01-01', '010-001-Crw064M2TB', 'Metallic Desert Red', '4960EHK', '21856.092050209205', 'Q143-3769', '023'), ('00088', '2021-06-26', '4000-01-01', '017-005-1lMTlSa4oi', 'Metallic Purple Blue', '4837DRL', '16091.531380753138', 'C747-6326', '007'), ('00089', '2018-10-24', '4000-01-01', '010-001-grX7LApMSE', 'Worn Dark Brown', '7782ZKY', '32292.25941422594', 'R899-0821', '027'), ('00090', '2012-03-15', '4000-01-01', '013-002-WfshsWRtre', 'Matte Desert Tan', '7362GMR', '66596.9330543933', 'L094-1170', '015'), ('00091', '2021-08-13', '4000-01-01', '023-001-hcWX0cXRUf', 'Util Gun Metal', '5353SXH', '10122.18410041841', 'A809-9674', '002'), ('00092', '2014-02-15', '4000-01-01', '006-001-Sxw8NL2Wlx', 'Metallic Diamond Blue', '0067VCR', '56337.979079497905', 'S191-7928', '028'), ('00093', '2013-12-13', '4000-01-01', '010-001-JHAIpMiZPo', 'Metallic Ultra Blue', '1691WIB', '62459.10878661088', 'F339-5703', '010'), ('00094', '2014-12-09', '4000-01-01', '015-001-eVnNmsd39b', 'Metallic Dark Ivory', '6066KZU', '59805.26778242678', 'A232-8932', '001'), ('00095', '2012-12-29', '4000-01-01', '024-001-DrXo50q2xk', 'Metallic Saxony Blue', '8958EAA', '65163.1129707113', 'A042-0901', '004'), ('00096', '2015-03-22', '4000-01-01', '003-002-X7phv2Z4hJ', 'Worn Off White', '7933CYM', '48417.41841004184', 'B014-9627', '005'), ('00097', '2022-01-14', '4000-01-01', '014-001-M5Zx5PlEMy', 'Metallic Beechwood', '1867QYB', '12163.778242677825', 'S688-6614', '029'), ('00098', '2021-11-04', '4000-01-01', '018-002-pYH1mUVJQ4', 'Matte Dark Red', '8927ZIC', '15630.062761506277', 'F879-3251', '010'), ('00099', '2021-11-25', '4000-01-01', '019-001-y9FZraFQwG', 'Metallic Ultra Blue', '4320VGT', '11594.598326359832', 'R993-3920', '027'), ('00100', '2018-10-30', '4000-01-01', '014-001-LkpgAXEtDt', 'Metallic Spinnaker Blue', '1686SQJ', '27621.8410041841', 'P633-3534', '021'), ('00101', '2019-12-21', '4000-01-01', '006-001-PL1oB7L5LP', 'Brushed Black steel', '7346FBE', '22454.76150627615', 'M320-2029', '017'), ('00102', '2011-11-13', '4000-01-01', '010-001-yERRsZ7XvO', 'Util Dark Blue', '0507HTA', '70531.51046025104', 'C549-7777', '006'), ('00103', '2016-04-10', '4000-01-01', '014-001-LkpgAXEtDt', 'Metallic Beach Sand', '0300RNK', '50319.903765690375', 'V331-9254', '030'), ('00104', '2020-07-23', '4000-01-01', '003-002-LG2kreBDI1', 'Green', '6877SRQ', '20884.435146443517', 'G001-7933', '011'), ('00105', '2011-02-25', '2018-07-07', '001-007-K3r1UD2GPw', 'Metallic Steel Gray', '8874PAM', '49607.18410041841', 'L164-4590', '015'), ('00106', '2021-07-30', '4000-01-01', '006-001-PL1oB7L5LP', 'Pure White', '8461FBP', '12177.493723849373', 'B882-7171', '005'), ('00107', '2017-01-17', '4000-01-01', '020-003-GylUBUL6GA', 'Metallic Olive Green', '1901RWD', '40107.238493723846', 'C058-8954', '007'), ('00108', '2018-05-18', '4000-01-01', '017-005-d1MTENo71y', 'Metallic Champagne', '2139NUA', '37342.347280334725', 'F156-6873', '009'), ('00109', '2010-03-23', '4000-01-01', '006-001-PL1oB7L5LP', 'Metallic Silver', '7991MAU', '82543.35146443515', 'P752-8277', '021'), ('00110', '2020-12-05', '4000-01-01', '018-002-MVxg1ZJnpV', 'Worn Brown', '8218VID', '19884.020920502095', 'R830-7844', '024'), ('00111', '2011-07-23', '2013-07-14', '006-001-OnsD5Fc48z', 'Worn Dark blue', '5324JDK', '19600.682008368203', 'A832-7805', '002'), ('00112', '2010-06-27', '2010-12-01', '020-002-FxwRcnBxWJ', 'Worn Dark blue', '9175ZLY', '9664.615062761506', 'P071-0154', '021'), ('00113', '2014-11-18', '4000-01-01', '008-001-n0Z0J1LGaR', 'Matte Dark Purple', '1759AWZ', '55770.73221757322', 'F560-7630', '009'), ('00114', '2016-06-09', '4000-01-01', '002-002-LpAhlgLFF0', 'Metallic Bright Blue', '4718YUQ', '42024.719665271965', 'Z584-7280', '032'), ('00115', '2010-05-04', '4000-01-01', '014-001-LkpgAXEtDt', 'Worn Light Orange', '1694RUQ', '83097.42259414226', 'D745-8125', '008'), ('00116', '2017-08-08', '4000-01-01', '020-002-g9RX4REchD', 'Metallic Biston Brown', '4732HWF', '41032.74895397489', 'S880-1561', '029'), ('00117', '2011-09-26', '4000-01-01', '023-001-hcWX0cXRUf', 'Metallic Sunrise Orange', '5702QRF', '78578.85774058578', 'M562-2229', '019'), ('00118', '2012-06-30', '2019-06-29', '005-001-mWj22OLPIp', 'Blue', '8152OBM', '47775.50627615063', 'S941-5222', '028'), ('00119', '2017-06-02', '4000-01-01', '017-005-PerE3XvHo5', 'Metallic Bright Blue', '1518KFP', '36704.087866108785', 'A679-2544', '003'), ('00120', '2016-04-21', '4000-01-01', '002-002-l737wlETVx', 'Matte Light Grey', '1623LMQ', '44533.803347280336', 'X461-6197', '031'), ('00121', '2014-04-27', '4000-01-01', '004-001-dCz12a8VRI', 'Metallic Stone Silver', '3008MBR', '60298.69456066946', 'I390-1595', '014'), ('00122', '2021-12-31', '4000-01-01', '022-001-R4AyYZ2vL2', 'Util Brown', '4396TNU', '7805.087866108786', 'S845-1158', '028'), ('00123', '2017-03-14', '4000-01-01', '004-001-dCz12a8VRI', 'Metallic Surf Blue', '6972UYG', '38806.0', 'B277-7241', '005'), ('00124', '2019-12-26', '4000-01-01', '004-001-dCz12a8VRI', 'Metallic Vermillion Pink', '0084BZN', '23687.07949790795', 'M766-5280', '018'), ('00125', '2015-06-08', '4000-01-01', '003-003-68cMmWzSOM', 'Metallic Ultra Blue', '0158ZGR', '47608.979079497905', 'L788-7984', '015'), ('00126', '2017-12-31', '4000-01-01', '001-003-CV7BlywQSO', 'Util Blue', '6105SHS', '34285.97071129707', 'M845-0811', '017'), ('00127', '2020-03-16', '4000-01-01', '016-001-MSujtzsWHi', 'Metallic Black Red', '6538OTT', '22368.430962343096', 'G890-5206', '013'), ('00128', '2013-10-27', '4000-01-01', '023-001-hcWX0cXRUf', 'Metallic Candy Red', '5176LCM', '60350.719665271965', 'L563-1639', '015'), ('00129', '2011-05-20', '4000-01-01', '016-002-Zqk0HStxxT', 'Metallic Champagne', '5428DEC', '75676.85355648535', 'F769-0823', '009'), ('00130', '2015-12-15', '2020-12-21', '008-001-M9Ex5nH5eB', 'Metallic Dark Beechwood', '0211CGB', '36624.82426778243', 'A040-8363', '002'), ('00131', '2011-03-27', '4000-01-01', '010-001-iK9ITB0DHA', 'Metallic Frost White', '4082DER', '77403.61924686193', 'X823-0014', '031'), ('00132', '2012-01-18', '4000-01-01', '017-004-OQq6hjSpAp', 'Worn Shadow Silver', '2907EDV', '68794.9079497908', 'S849-0907', '028'), ('00133', '2017-12-24', '4000-01-01', '024-001-muQ8Za5Y16', 'Metallic Red', '8921ERX', '31309.125523012553', 'A075-3709', '001'), ('00134', '2015-02-19', '4000-01-01', '003-002-X7phv2Z4hJ', 'Metallic Securicor Green', '4007NNW', '52289.24686192469', 'G982-1238', '013'), ('00135', '2015-10-27', '2019-11-10', '004-001-dCz12a8VRI', 'Brushed Aluminium', '4529OYA', '31545.192468619247', 'M789-5312', '019'), ('00136', '2010-01-05', '4000-01-01', '010-001-8S0Up35Xis', 'Util Dark silver', '9182CPN', '82608.05439330544', 'S011-8784', '029'), ('00137', '2018-12-28', '2022-10-14', '020-001-WP6WqmEnbw', 'Metallic Classic Gold', '1409IZK', '26070.65271966527', 'A942-4932', '001'), ('00138', '2015-02-28', '4000-01-01', '015-001-5nzGTcJACh', 'Metallic Candy Red', '5036HEF', '58040.61924686193', 'S093-3608', '028'), ('00139', '2017-10-16', '4000-01-01', '018-001-Axe7Aqd0Cn', 'Metallic Bright Blue', '5662WJQ', '33740.93723849372', 'R630-7336', '027'), ('00140', '2011-02-28', '4000-01-01', '006-001-Sxw8NL2Wlx', 'Metallic Purple Blue', '7852SVC', '74920.50209205021', 'C594-8318', '007'), ('00141', '2019-09-14', '4000-01-01', '014-001-M5Zx5PlEMy', 'Worn Orange', '7460VIA', '22378.928870292886', 'P279-7500', '022'), ('00142', '2018-11-02', '4000-01-01', '005-001-AKZcsikDCc', 'Util Dark Blue', '9366SDW', '28556.63179916318', 'M075-3533', '019'), ('00143', '2021-07-24', '4000-01-01', '016-002-u1euHeLYiC', 'Metallic Desert Red', '3555MXJ', '16042.912133891214', 'R482-1774', '025'), ('00144', '2015-03-01', '4000-01-01', '017-007-VAAHWve9yB', 'Matte Gray', '4489MRB', '53426.88284518829', 'G301-8768', '011'), ('00145', '2021-01-21', '2021-12-11', '014-001-LkpgAXEtDt', 'Metallic Red', '3487YIL', '5545.594142259414', 'P741-8857', '022'), ('00146', '2017-07-05', '4000-01-01', '014-001-LkpgAXEtDt', 'Metallic Desert Red', '3974RMG', '37481.78661087866', 'Q201-3902', '023'), ('00147', '2022-06-14', '4000-01-01', '011-003-OULCHFzHzk', 'hunter green', '5133GON', '10780.58158995816', 'S993-0595', '028'), ('00148', '2014-12-14', '2021-05-08', '008-001-JKCl2k3ZYx', 'Worn Off White', '5558RVG', '48246.97071129707', 'F377-8825', '010'), ('00149', '2022-12-26', '4000-01-01', '011-002-xJ7ekbxCuC', 'Metallic Biston Brown', '3833UNV', '7802.983263598327', 'G881-0012', '012'), ('00150', '2015-07-21', '4000-01-01', '010-001-wuKVehbYo3', 'Metallic Stone Silver', '1537JLK', '48428.313807531384', 'S676-0611', '029'), ('00151', '2021-10-05', '4000-01-01', '015-002-pCDsleFZtj', 'Metallic Light Brown', '9193XZO', '11310.154811715482', 'G496-6332', '012'), ('00152', '2013-05-14', '4000-01-01', '020-003-WnhsWHiSWE', 'Matte Foilage Green', '4300VIP', '60208.96234309623', 'P123-6228', '022'), ('00153', '2010-03-27', '4000-01-01', '005-001-38A90iqHP0', 'Matte Gray', '2752KSU', '80210.40585774058', 'R369-5450', '026'), ('00154', '2015-07-04', '4000-01-01', '002-003-7m9ZgliVGp', 'Metallic Graceful Red', '5426VCH', '47923.832635983264', 'L542-5504', '015'), ('00155', '2020-03-01', '4000-01-01', '010-001-Crw064M2TB', 'Matte Forest Green', '1381DZS', '22020.4769874477', 'I978-2073', '014'), ('00156', '2019-01-30', '4000-01-01', '016-001-kbw31UyaIH', 'Metallic Red', '3233SDG', '33386.092050209205', 'R143-9793', '025'), ('00157', '2011-06-06', '4000-01-01', '022-001-JH36QOH9Bp', 'Metallic Biston Brown', '9147KUH', '77000.33472803347', 'R181-5182', '024'), ('00158', '2015-06-08', '4000-01-01', '002-002-AkWg4UMAi8', 'Worn Brown', '9669GVD', '49477.979079497905', 'R256-0217', '026'), ('00159', '2018-01-24', '2018-05-22', '004-001-dCz12a8VRI', 'Util Brown', '6778TAZ', '6665.895397489539', 'F273-7483', '009'), ('00160', '2017-11-20', '4000-01-01', '016-001-vTH5Cy2Ng9', 'Worn Graphite', '4529XHU', '34383.163179916315', 'I647-0113', '014'), ('00161', '2022-12-28', '4000-01-01', '006-001-PL1oB7L5LP', 'Util Off White', '6308NYD', '3975.510460251046', 'S615-5347', '028'), ('00162', '2016-05-28', '2018-02-04', '024-003-fER2fxaD6S', 'Matte Green', '7494KJV', '11848.359832635982', 'A105-3682', '002'), ('00163', '2021-05-11', '4000-01-01', '011-001-3OLMCN0NIV', 'Metallic Lime', '6355SJT', '14508.405857740585', 'Z713-2269', '032'), ('00164', '2010-12-12', '4000-01-01', '019-003-IP98vgaAfx', 'Metallic Formula Red', '4348HNX', '78031.94142259414', 'B707-9667', '005'), ('00165', '2018-10-24', '2021-01-19', '012-001-qGSwlNnxKu', 'Worn Honey Beige', '2800VCR', '18907.376569037657', 'C941-1378', '006'), ('00166', '2017-08-11', '4000-01-01', '011-001-ru2FneC43D', 'Matte Dark Purple', '5796TBD', '36895.539748953976', 'F947-8362', '010'), ('00167', '2014-01-09', '4000-01-01', '019-003-ppXdXld9nG', 'Metallic Bronze', '9256HAD', '59042.22594142259', 'R485-9418', '025'), ('00168', '2022-09-13', '4000-01-01', '005-001-AKZcsikDCc', 'Metallic Red', '4116IFH', '6097.569037656904', 'P568-7795', '022'), ('00169', '2019-09-22', '4000-01-01', '023-001-hcWX0cXRUf', 'Worn Dark blue', '0960TFC', '27620.037656903765', 'F488-5947', '010'), ('00170', '2014-08-23', '4000-01-01', '001-003-CVaOEfUyQw', 'Worn White', '1806PAQ', '56726.799163179916', 'M829-5575', '017'), ('00171', '2012-03-20', '4000-01-01', '022-001-x5ZbiyeLju', 'Worn Dark Red', '0773NQS', '70253.2510460251', 'M371-3510', '018'), ('00172', '2017-11-12', '4000-01-01', '018-002-WbFaDiMBL1', 'Matte Desert Brown', '1327CIF', '39843.05439330544', 'D640-9328', '008'), ('00173', '2018-02-28', '2018-03-23', '001-002-8i46DGa93J', 'Metallic Sun Bleeched Sand', '5534MAO', '8425.937238493723', 'B998-3679', '005'), ('00174', '2015-07-27', '4000-01-01', '020-002-W9b2EPmX5x', 'Epsilon Blue', '9289QTP', '51516.89539748954', 'A449-0943', '001'), ('00175', '2021-05-18', '4000-01-01', '008-001-sNVnH4N627', 'Metallic Midnight Blue', '6534UKD', '11883.251046025105', 'A770-7627', '004'), ('00176', '2013-09-09', '4000-01-01', '011-001-jvESdeYlFj', 'Metallic Blue Silver', '3409TNW', '67230.0669456067', 'X380-8246', '031'), ('00177', '2019-08-10', '4000-01-01', '011-001-jvESdeYlFj', 'Worn Taxi Yellow', '5317CWA', '22400.702928870294', 'P628-7236', '022'), ('00178', '2020-09-10', '4000-01-01', '023-001-hcWX0cXRUf', 'Metallic Beach Sand', '0646CDL', '15023.351464435147', 'Q805-2200', '023'), ('00179', '2020-08-27', '4000-01-01', '014-001-LkpgAXEtDt', 'Util Lightning blue', '2774EZL', '20108.66108786611', 'F275-5905', '010'), ('00180', '2010-10-25', '4000-01-01', '023-001-hcWX0cXRUf', 'Worn Golden Red', '4693GZH', '76474.28870292887', 'R509-0466', '026'), ('00181', '2013-08-02', '4000-01-01', '010-001-wuKVehbYo3', 'Matte White', '4665ELA', '67041.05020920502', 'C549-9244', '007'), ('00182', '2014-08-27', '4000-01-01', '006-001-EcDT8f08uX', 'Matte Desert Brown', '6118JDL', '60565.85355648536', 'V505-9435', '030'), ('00183', '2015-08-20', '4000-01-01', '008-001-sYYMFCESUL', 'Metallic Black', '4101KPB', '51080.22175732218', 'M677-2824', '017'), ('00184', '2016-10-08', '2022-08-08', '023-001-hcWX0cXRUf', 'Metallic Mariner Blue', '4100SFI', '36150.535564853555', 'V598-2591', '030'), ('00185', '2016-06-30', '4000-01-01', '002-002-8TG0ZCTNtg', 'Metallic Formula Red', '5472NJJ', '41721.25523012552', 'R785-0168', '026'), ('00186', '2017-02-23', '4000-01-01', '017-003-4o5Zd6ZVOc', 'Metallic Green', '7047SYL', '43213.99163179917', 'P097-2204', '022'), ('00187', '2010-04-20', '4000-01-01', '020-003-1NtSmyHcsA', 'Metallic Sun Bleeched Sand', '3848BHX', '81679.73221757323', 'D724-1354', '008'), ('00188', '2014-08-26', '4000-01-01', '013-002-yxGu83J442', 'Util Dark Green', '2943IKC', '61212.589958159', 'G043-2451', '013'), ('00189', '2014-09-02', '4000-01-01', '004-001-dCz12a8VRI', 'hunter green', '1962CIP', '59823.43514644352', 'A841-4151', '001'), ('00190', '2019-12-29', '4000-01-01', '015-002-pCDsleFZtj', 'Worn Light Orange', '4523VUK', '26656.87029288703', 'F485-1067', '009'), ('00191', '2015-01-15', '4000-01-01', '005-001-D0ghHdWG1V', 'Metallic Lava Red', '4673JGU', '51491.020920502095', 'C093-8742', '007'), ('00192', '2021-11-07', '2022-09-12', '001-004-8wGDLCi96Z', 'Metallic Surf Blue', '2305MXT', '12131.548117154813', 'M950-4609', '017'), ('00193', '2020-01-06', '4000-01-01', '006-001-EcDT8f08uX', 'Metallic Green', '0993IVC', '27250.97907949791', 'P470-5565', '022'), ('00194', '2015-05-04', '4000-01-01', '005-001-q1jEsACQIK', 'Worn Green', '2265IFE', '51742.75313807531', 'L385-0784', '015'), ('00195', '2022-03-30', '4000-01-01', '004-001-dCz12a8VRI', 'Worn Orange', '6305RKK', '11902.548117154813', 'V717-1139', '030'), ('00196', '2018-02-20', '4000-01-01', '015-001-0D734Prhwq', 'Metallic Choco Orange', '2404CBH', '34648.41422594142', 'F346-0661', '010'), ('00197', '2012-06-22', '4000-01-01', '013-001-X5XNwF4kjF', 'Metallic Black', '4385KAQ', '66792.02928870294', 'X984-4674', '031'), ('00198', '2021-04-26', '4000-01-01', '018-003-JW0jBM5ytd', 'Matte Black', '5190REI', '11055.45188284519', 'A437-0488', '004'), ('00199', '2012-10-27', '4000-01-01', '020-001-xlEY8wCnbh', 'Metallic Torino Red', '1017FTF', '72336.50627615063', 'R516-2409', '025'), ('00200', '2022-08-11', '4000-01-01', '010-001-TOQZDuGbrv', 'Hot Pink', '9645NHY', '4634.87029288703', 'Q851-8362', '023');